event_a,event_b,correlation,mean_abs_delta_db
1782605969288_blow_normal_event1_peak2.116s,1782605969288_blow_normal_event2_peak3.548s,0.895692,7.000795
1782605969288_blow_normal_event1_peak2.116s,1782605969288_blow_normal_event3_peak4.710s,0.822356,9.363113
1782605969288_blow_normal_event2_peak3.548s,1782605969288_blow_normal_event3_peak4.710s,0.922213,5.897254
